comment_id,self_text,subreddit,created_time,post_id,author_name,user_account_created_time,user_total_karma
k56ud4t,"I cried reading it. When you're done, read ""The Day the World Came to Town."" It's about all the U.S.-destined planes that were diverted to Gander, Newfoundland when U.S. airspace closed. 

The citizens of Gander and surrounding towns took excellent care of almost 7,000 passengers and crew members for several days. Pretty much everybody in the towns dedicated themselves to taking care of a bunch of traumatized, stranded strangers. It is such a heartwarming book.",TerrifyingAsFuck,2023-10-16 23:59:06,179aolw,OptimisticOctopus8,2022-08-18 19:11:31,105923.0
k56u14h,Fucking idiot.  Nazi sympathizer,IsrealPalestineWar_23,2023-10-16 23:56:46,178311r,007WildThing,2023-05-28 16:55:43,614.0
k56tysf,WRONG!  Dumbass,IsrealPalestineWar_23,2023-10-16 23:56:19,178311r,007WildThing,2023-05-28 16:55:43,614.0
k56sfp2,Wow I will for sure get that book. I’m positive I’ll cry reading it though. I still cry listening to the reading of the names every year. Thank you very much.,TerrifyingAsFuck,2023-10-16 23:45:41,179aolw,Electrical_Beyond998,2022-07-19 09:34:19,74558.0
k56qsrr,"I do this morbid thing where I look around the terminal and think ""these could be the last people I ever see"". Then board the plane and enjoy the ride.",TerrifyingAsFuck,2023-10-16 23:34:29,179aolw,ZZachj,2011-01-22 04:48:47,9925.0
k56q9x6,NDT has a long history of saying painfully obvious things dressed up in a lot of intellectual verbiage.,TerrifyingAsFuck,2023-10-16 23:30:48,179aolw,Inevitable-Ad9006,2020-07-23 19:40:23,5783.0
k56pog9,"Nice. This is a fuc*ing terrorist. Good Job Israel
#free Israel",IsrealPalestineWar_23,2023-10-16 23:26:41,178fe7r,External-Depth7909,2023-01-24 16:55:56,350.0
k56pnlq,"Apparently, some of them (on Flight 93) held out hope that they might be able to take the plane back and perform a survivable crash landing. I'm sure they all must have known the odds were bad, but a slim hope of survival is better than no hope, so it was a sensible plan. 

Besides, they didn't want to be used to kill a bunch of people on the ground. One of them told his wife that they were waiting until they were above a rural area before attempting to take the plane back. 

You can read more about them in all sorts of books, of course, but I recommend ""The Only Plane in the Sky."" It's an oral history of the day with stories from many, many people.",TerrifyingAsFuck,2023-10-16 23:26:32,179aolw,OptimisticOctopus8,2022-08-18 19:11:31,105923.0
k56pelg,This is why i avoid picking any side except for the ones that charish human life.  It is a lonely existence… 😢,PublicFreakout,2023-10-16 23:24:47,179ip0p,Twitchinat0r,2021-04-21 23:30:18,9208.0
k56mlzg,Are you on something?,CrazyFuckingVideos,2023-10-16 23:05:25,177ehw6,VeryBoredBoy2910,2022-11-20 23:19:05,716.0
k56mh0n,Famous saying Hate breeds hate,PublicFreakout,2023-10-16 23:04:27,179ip0p,MagicStar77,2017-04-30 03:32:11,113158.0
k56mdxj,"I don't get why there are conspiracy theories about this?  The F-16 pilot in question, Heather Penney, had said she was fully prepared to ram United 93 in a suicide mission in order to save civilian lives on the ground.  She would have to ram because the F-16s were not kept armed and there was no time to load them.  As it happened United 93 crashed before they got there.  But there was never any doubt they were ready to take it down.

https://abcnews.go.com/US/fighter-pilot-reflects-911-suicide-mission/story?id=79898230",TerrifyingAsFuck,2023-10-16 23:03:51,179aolw,Status_Task6345,2023-02-20 18:12:19,14217.0
k56m84q,How did they get phone calls on the flight?,TerrifyingAsFuck,2023-10-16 23:02:41,179aolw,Seeders,2007-08-04 23:18:06,243228.0
k56m7j6,"The Internet hasn't been infatuated with NDT in like a decade, where've you been mate",TerrifyingAsFuck,2023-10-16 23:02:34,179aolw,NoraaTheExploraa,2014-08-17 19:02:01,233597.0
k56lx6p,"Is this surprising? ""If your plane hits something you die pretty fast""",TerrifyingAsFuck,2023-10-16 23:00:34,179aolw,NoraaTheExploraa,2014-08-17 19:02:01,233597.0
k56ll48,"She just assumed from the beginning that they already supported hamas and in the end after all the facts were layed out, the only thing she could muster was to ask them if they liked hamas though she still had the audacity of calling them terrorists as she did it.",PublicFreakout,2023-10-16 22:58:14,179ip0p,GratefulPhish42024-7,2022-10-09 13:20:28,769527.0
k56lgwm,lol   OK you win.,IsrealPalestineWar_23,2023-10-16 22:57:24,175fxy9,Cheesiepup,2021-05-24 23:18:39,6099.0
k56l22j,Guessing it’s a train station mate,PublicFreakout,2023-10-16 22:54:30,179ip0p,No-Head-8295,2020-11-09 20:11:44,852.0
k56l1rs,Reminds me of the Titanic sub that imploded. I think they said that the time it took for the sub to impolde was quicker than it takes for the human nervous system to register pain,TerrifyingAsFuck,2023-10-16 22:54:27,179aolw,Needleworker-Hungry,2020-07-13 10:31:32,545.0
k56ktjb,Why is this broken down by him though? This is such common sense. Why is this needed? We all watched the video of the planes. It was instantaneous.,TerrifyingAsFuck,2023-10-16 22:52:52,179aolw,altyroclark3,2020-01-02 05:28:24,1468.0
k56kr47,"wtf, i was just thinking about this a couple hours ago...",TerrifyingAsFuck,2023-10-16 22:52:24,179aolw,FoboBoggins,2012-05-23 07:51:56,121297.0
k56kcbf,People running up to catch trains,PublicFreakout,2023-10-16 22:49:35,179ip0p,Automatic-Run-3156,2021-07-11 18:43:29,48.0
k56jyyc,"Yeah, the people in the plane had no choice in the matter.  It was out of their hands, and it was only going to end one way.

The people in the tower, in the other hand, *knew* they were gonna die, but they had to make a choice:  succumb to the fire or jump to their death.  I can’t even imagine what it felt like in those moments.",TerrifyingAsFuck,2023-10-16 22:47:02,179aolw,bluediamond12345,2020-03-23 12:18:24,61786.0
k56jrw8,Can't have a NDT attack without some Reddit nerd defending him,TerrifyingAsFuck,2023-10-16 22:45:40,179aolw,praetor-,2010-02-04 19:39:33,53589.0
k56jgoi,The real question is what was going on with the people running past in the background?  That's what I want to know.,PublicFreakout,2023-10-16 22:43:29,179ip0p,Builderwill,2017-08-02 19:32:12,58443.0
k56ip1o,"She thought it was a Pakistan flag the entire time...

&amp;#x200B;

![gif](giphy|JSueytO5O29yM)",PublicFreakout,2023-10-16 22:38:10,179ip0p,s_y_s_t_e_m_i_c_,2021-04-10 19:58:29,1389918.0
k56i6pc,Name checks out.,IsrealPalestineWar_23,2023-10-16 22:34:44,1793gbi,razr95,2020-03-23 07:54:20,39.0
k56i6fg,logan to California is a miserable flight.,TerrifyingAsFuck,2023-10-16 22:34:41,179aolw,ClassicAd8627,2023-07-09 20:21:28,17876.0
k56hy67,Could you refer that post or info about those tricks please?,TerrifyingAsFuck,2023-10-16 22:33:06,179aolw,jenjoo,2016-05-01 20:40:58,9763.0
k56hi23,"**Downloads**


* [Download #1](https://rapidsave.com/r/PublicFreakout/comments/179ip0p/woman_harasses_man_with_a_palestinian_flag/) (provided by /u/SaveVideo)
* [Download #2](https://reddit.watch/r/PublicFreakout/comments/179ip0p/woman_harasses_man_with_a_palestinian_flag/?utm_source=mirrorbot&amp;utm_medium=PublicFreakout) (provided by /u/downloadvideo)

**Note:** this is a bot providing a directory service. **If you have trouble with any of the links above, please contact the user who provided them!**

---

[^(source code)](https://amirror.link/source) ^| [^(run your own mirror bot? let's integrate)](https://amirror.link/lets-talk)",PublicFreakout,2023-10-16 22:30:04,179ip0p,a-mirror-bot,2018-07-08 00:11:30,2895.0
k56gx8n,"Y’all are such donkeys, you arguing over a false statement a reporter made (surprise) and then publicly admitted to making the false report based on hearsay and not facts. Fuck Hamas ok sure but what of the everyday Jews parading on film that not one single child is alive in Gaza and that Gaza is a cemetery? Both sides are atrocious and our world is completely fucked, you’re a piece of shit and so am I. Now go about your day being the piece of shit you are and I will go about mine in the same fashion.",IsrealPalestineWar_23,2023-10-16 22:26:11,1772qud,SignificantKoala247,2022-06-08 23:40:25,3013.0
k56grqf,"Yeah obviously . I can see what a great human been you are man . The world will be really great with ""smart"" people like you i can see",IsrealPalestineWar_23,2023-10-16 22:25:09,179fon0,Moon-Luna-,2023-08-19 02:03:22,23.0
k56g29x,Well thats something we can both agree on,IsrealPalestineWar_23,2023-10-16 22:20:33,179fon0,fukmifuku762,2022-12-24 16:41:38,200.0
k56fuyq,"Yeah sure mate , and you are for sure right . Let's give the isreal the land and let them keep killing innocent people. Yeah yeah for sure",IsrealPalestineWar_23,2023-10-16 22:19:11,179fon0,Moon-Luna-,2023-08-19 02:03:22,23.0
k56fsz4,First kingdom is Israel was 11th century bce,IsrealPalestineWar_23,2023-10-16 22:18:49,179fon0,fukmifuku762,2022-12-24 16:41:38,200.0
k56fob4,There’s nothing to understand besides that your wrong.,IsrealPalestineWar_23,2023-10-16 22:17:56,179fon0,fukmifuku762,2022-12-24 16:41:38,200.0
k56fllc,"You have to remember that no one had suicided a plane before.  In fact, there were somewhat regular [hijackings to Cuba](https://en.wikipedia.org/wiki/List_of_Cuba%E2%80%93United_States_aircraft_hijackings) all the time.  It would have never crossed peoples minds to do anything other than sit tight and get flown back home after it was over.",TerrifyingAsFuck,2023-10-16 22:17:26,179aolw,Kahnspiracy,2010-08-30 20:52:56,84946.0
k56flhj,And if your simple mind couldn't understand a simple thing why would even bother to talk,IsrealPalestineWar_23,2023-10-16 22:17:24,179fon0,Moon-Luna-,2023-08-19 02:03:22,23.0
k56fky9,we have given roughly 10billion to Israel in the last three years and 75 billion to Ukraine.,IsrealPalestineWar_23,2023-10-16 22:17:18,178b222,Jonecie,2022-04-07 02:00:50,702.0
k56fijx,It was almost comforting until he said goo,TerrifyingAsFuck,2023-10-16 22:16:50,179aolw,lawndog86,2018-10-14 11:42:00,2508.0
k56fg1n,Fascism is a nasty thing.,PublicFreakout,2023-10-16 22:16:22,179hvgr,yolkadot,2022-11-16 23:34:51,125762.0
k56ff7j,"Honestly, I would MUCH rather go out instantly than to get cancer or some un-curable disease where I waste away for months or years in pain and agony. Not to say that I wouldn't want to get to choose when I go or get to say goodbye to my loved ones.",TerrifyingAsFuck,2023-10-16 22:16:13,179aolw,Lefty_22,2016-02-24 22:05:41,157046.0
k56fdev,"For some reason we democrats are unable to say the word trump without using a phrase like ""orange"" ""fat"" or ""stupid"". It makes us seem like the stupid ones. All we're doing is attacking someone's character providing no backing to our argument. I do know history and I'm tired of people telling me what I should think or know. I'm not even a republican but looking at it in an unbias pov Trump was one of the best things that's happened to this country in the last 20 years. If he had a second term we would of seen economic growth like no other ( basically 4 more years of what we already had with him). Instead we have Pedo Biden and his Druggie son. Also I hope u caught that there, see what I did? I did a character attack by just bringing him up providing no proof or evidence. It's why that ""orange"" shit is dumb asf.",IsrealPalestineWar_23,2023-10-16 22:15:52,175fxy9,Economy-Royal-5312,2023-03-29 22:08:54,6.0
k56fb9u,I agree with him that this is a holy war. A peaceful settlement is just not possible on that border.,IsrealPalestineWar_23,2023-10-16 22:15:28,178b222,Jonecie,2022-04-07 02:00:50,702.0
k56f4yz,Well if you don’t even know to say what you “truly” mean then why would anyone listen to you.,IsrealPalestineWar_23,2023-10-16 22:14:19,179fon0,fukmifuku762,2022-12-24 16:41:38,200.0
k56f2iv,And the OceanGate incident was even faster,TerrifyingAsFuck,2023-10-16 22:13:52,179aolw,Valaxarian,2019-10-06 20:14:28,271617.0
k56evx2,attracting tourism and trying to get likes is not propaganda lol,IsrealPalestineWar_23,2023-10-16 22:12:37,1794vd5,Jonecie,2022-04-07 02:00:50,702.0
k56euw7,"It is known that there was an *attempt* to retake the plane.  It is not known if there were able to breach the cockpit and in the ensuing battle the hijacker pilot just nosed into the ground or if the passengers were trying to wrestle for control and that cause the crash, or if it was determine to be a lost cause and they were shot down.  My absolute guess is the second.",TerrifyingAsFuck,2023-10-16 22:12:26,179aolw,Kahnspiracy,2010-08-30 20:52:56,84946.0
k56erfp,Bunch of grown ass men getting into it with a child and the kid is the one getting arrested...,PublicFreakout,2023-10-16 22:11:47,179hvgr,sonicboom9000,2018-07-03 23:02:19,226350.0
k56er77,Prevention is better then cure… Hamas will only regroup and do it again in a few years. Finish them,IsrealPalestineWar_23,2023-10-16 22:11:45,178l8f3,Dwake9090,2022-09-24 21:51:52,45.0
k56eq61,"Yeah, it's incredibly annoying how watching one video mostly about science almost instantly changes what the algorithm suggests to you when you've got years-long watch history of videos that are completely opposite of the ones they are now suggesting. Like, unless I had a stroke or traumatic brain injury, my personality, interests, and morals aren't going to change that quickly.",TerrifyingAsFuck,2023-10-16 22:11:33,179aolw,dragoonies,2009-03-05 05:46:38,18364.0
k56eo4h,"Ouh my it is just an example you fucking idiot.
You just keep seeing that point without seeing what i am truly trying to say.",IsrealPalestineWar_23,2023-10-16 22:11:11,179fon0,Moon-Luna-,2023-08-19 02:03:22,23.0
k56eg2e,"And the jew lost their land centuries ago so they have no right to say that they own it .
I do believe that both parties shoud accept the division of the land and none of them should say it is ours so you have to leave it",IsrealPalestineWar_23,2023-10-16 22:09:41,179fon0,Moon-Luna-,2023-08-19 02:03:22,23.0
k56dz4n,You just compared selling a home to the conflict in Israel and gaza. fucking lol,IsrealPalestineWar_23,2023-10-16 22:06:31,179fon0,fukmifuku762,2022-12-24 16:41:38,200.0
k56du14,"Plus they weren't the first in that land mate , maybe before muslims but there was people before the Jews lived there",IsrealPalestineWar_23,2023-10-16 22:05:35,179fon0,Moon-Luna-,2023-08-19 02:03:22,23.0
k56dlyj,Because they sold it. Lol terrible comparison.,IsrealPalestineWar_23,2023-10-16 22:04:06,179fon0,fukmifuku762,2022-12-24 16:41:38,200.0
k56dcxv,"No one is denying that .
But by the year 1946 it wasn't theirs for centuries.
I live in a house who was occupied but 2 families before i moved . They didn't come to me now demanding it to give it back because their ancestors used to live in it.",IsrealPalestineWar_23,2023-10-16 22:02:25,179fon0,Moon-Luna-,2023-08-19 02:03:22,23.0
k56cl5q,When I smoked I would’ve loved to cheef with these cats,TerrifyingAsFuck,2023-10-16 21:57:25,179aolw,SynsDad,2020-06-10 14:00:55,11422.0
k56ceeu,I am more angry at the people who will just keep saying the worst shit when they just don't make their researches . You have a brain to use and not just to accept everything thing was told to you . I don't get it why people just keep believing them like this,IsrealPalestineWar_23,2023-10-16 21:56:12,179fon0,Moon-Luna-,2023-08-19 02:03:22,23.0
k56c521,"Benjamin Netanyahu""Beat them up , not once but repeatedly,beat them up so it hurts so badly, until it's unbearable""

Rabbi Eli Ben Dahan:""Palestinians are beasts , not human.""

Avigdor Lieberman:""Those who are against us,there's nothing to be done - we need to pick up an axe and cut off his head""

Those are just little things that isreal Government are saying what makes this okay for you and not what hamas said ?",IsrealPalestineWar_23,2023-10-16 21:54:31,179fon0,Moon-Luna-,2023-08-19 02:03:22,23.0
k56by9i,What's the trick?,TerrifyingAsFuck,2023-10-16 21:53:18,179aolw,Healthy_Mycologist37,2021-08-20 22:01:35,2698.0
k56bw0g,"**Downloads**


* [Download #1](https://rapidsave.com/r/PublicFreakout/comments/179hvgr/palestinian_child_got_arrested_after_being/) (provided by /u/SaveVideo)
* [Download #2](https://reddit.watch/r/PublicFreakout/comments/179hvgr/palestinian_child_got_arrested_after_being/?utm_source=mirrorbot&amp;utm_medium=PublicFreakout) (provided by /u/downloadvideo)

**Note:** this is a bot providing a directory service. **If you have trouble with any of the links above, please contact the user who provided them!**

---

[^(source code)](https://amirror.link/source) ^| [^(run your own mirror bot? let's integrate)](https://amirror.link/lets-talk)",PublicFreakout,2023-10-16 21:52:54,179hvgr,a-mirror-bot,2018-07-08 00:11:30,2895.0
k56br6u,"It's astounding how fast the algorithm decides ""Ah, I see you believe that feminism is responsible for the decline of western society! Here's a guy spending 2 hours talking about Lizzo being in WOKE Star Wars!""",TerrifyingAsFuck,2023-10-16 21:52:03,179aolw,[deleted],,0.0
k56beaa,"So, in my other comment I asked for links to let me know if Michio is an asshole... and then I noticed your link.  

I will agree with whoever made that video that he was not the person to put on at that moment and talk about hurricanes.  I watched the whole video and wish I hadn't because she came across as a hater and was hard to watch.
Michio was excited about the topic and that's what I like about him.  Put him in front of the camera and let him be excited and get the audience excited about the topic as well.

(and Pluto is still a planet)",TerrifyingAsFuck,2023-10-16 21:49:45,179aolw,jimbobslappy,2020-04-29 23:08:51,2945.0
k56b52q,"Did you do the calculations though?

That’s an easy conclusion to make once you’ve seen and heard of NDTs expert calculations. Idk if you could have figured that on your own.",TerrifyingAsFuck,2023-10-16 21:48:07,179aolw,Rampant_baconator,2011-05-09 07:10:38,125203.0
k56b0fs,Luckily it was a fast death but that doesn’t change the fact that everyone was probably at the point of dying from fear,TerrifyingAsFuck,2023-10-16 21:47:16,179aolw,juanchies21,2020-03-10 20:01:15,20058.0
k56auc0,"I watched a pov animation from the hijackers and feel like the route they took was obvious that they weren't landing it. They came in from the north and flew directly over manhattan (or whatever its called north of actual manhattan) aimed straight at the tip of manhattan which, to me, feels obvious. I know there's a few airports that way they could turn towards but they were so completely centered in between the bay and river and pointed straight at NYC.",TerrifyingAsFuck,2023-10-16 21:46:13,179aolw,qcAKDa7G52cmEdHHX9vg,2022-12-27 15:56:45,22515.0
k56ark9,Disgusting,IsrealPalestineWar_23,2023-10-16 21:45:44,1793gbi,fukmifuku762,2022-12-24 16:41:38,200.0
k56aqr7,"767 is 48.5m long.

400mph is 178m/s

0.27 seconds from nose to tail.

Now I am magic science man.",TerrifyingAsFuck,2023-10-16 21:45:35,179aolw,mrbaggins,2011-10-28 04:44:46,136528.0
k56anq5,Touché,TerrifyingAsFuck,2023-10-16 21:45:04,179aolw,joeko,2011-06-14 16:57:37,2371.0
k56ajiy,So you admit the Jews were there first?,IsrealPalestineWar_23,2023-10-16 21:44:19,179fon0,fukmifuku762,2022-12-24 16:41:38,200.0
k56afw0,Absolutely gutted me when he was chosen to “continue” Carl’s legacy with Cosmos.,TerrifyingAsFuck,2023-10-16 21:43:41,179aolw,ScarfaceTheMusical,2022-05-19 15:15:51,2687.0
k56ab44,"As i said i never and will never say what Hamas did is right and i don't support them at all. But the isreal government did the same thing to the Palestine people ,why are you not talking about the horrors they caused to them all those years and just keep bringing what is Hamas doing now .
And even when hamas didn't attack isreal ,
This year they attacked the people of Palestine in the Aqsa mosque witch lead to many victims . Imagine you are in the church praying and some people break into and start beating you. This is a simple example of what the Palestinians are suffering.
And why you wouldn't say that the isreal government should stop their injustice and cruelty so hamas will not attack them.
So is it okay for Israel to attack Palestine and the Palestinians to do nothing.But if they try to defend themselves they became a terrorist and Israeli just trying to save itself?",IsrealPalestineWar_23,2023-10-16 21:42:52,179fon0,Moon-Luna-,2023-08-19 02:03:22,23.0
k569e8d,The people who listen to this podcast on a weekly basis,TerrifyingAsFuck,2023-10-16 21:37:06,179aolw,[deleted],,0.0
k5695y0,https://imgur.com/EtbY732.jpg,TerrifyingAsFuck,2023-10-16 21:35:40,179aolw,dylan15766,2014-07-24 22:12:04,170867.0
k568zgj,Cool!!,TerrifyingAsFuck,2023-10-16 21:34:32,179aolw,Bosco_is_a_prick,2014-04-11 16:18:01,140057.0
k5688s4,Oddly comforting that nobody on the plane suffered even for a second,TerrifyingAsFuck,2023-10-16 21:29:55,179aolw,jimmythatslips,2021-07-15 02:41:01,9834.0
k5685g4,"Genocide, murder, rape, illegal occupation, apartheid, terrorism, war crimes, 75 years of killing of innocent civilians in Palestine, playing the victim in a situation they created, portraying false killings on the media for the sympathy of Zionist supporters",IsrealPalestineWar_23,2023-10-16 21:29:20,178lbsa,fruitybsbs,2022-04-18 23:25:12,29.0
k56811q,"From the Hamas Covenent  
Article 7: The Day of Judgement will not come about until Moslems fight the Jews (killing the Jews), when the Jew will hide behind stones and trees  
Article 15:  In face of the Jews' usurpation of Palestine, it is compulsory that the banner of Jihad be raised.",IsrealPalestineWar_23,2023-10-16 21:28:34,179fon0,CernerBurner2000,2022-08-16 20:28:43,51.0
k567r00,"By and large, redditors need to attack any living person with intelligence because they're threatened by someone smarter than themselves. It's jealousy. 

He's a science communicator..I thought you guys like science?",TerrifyingAsFuck,2023-10-16 21:26:51,179aolw,dont_like_yts,2023-06-02 16:35:40,3701.0
k567nol,"Try doing all that stuff in Israel as well, dumbass.",IsrealPalestineWar_23,2023-10-16 21:26:17,178311r,DazzlingMaximum7517,2023-02-01 08:33:20,80.0
k567l19,"First of all, there's a reason why their Muslim neighbors in Egypt are keeping them out and has built the same fences and gates that Israel has.   


Watch the live feeds, and every day you will see hundreds (at least) projectiles that are launched from Gaza and shot down by the Iron Dome. If Hamas really cared about Palestinians they would quit launching attacks when they know the Israeli's are going to counter attack.",IsrealPalestineWar_23,2023-10-16 21:25:50,179fon0,CernerBurner2000,2022-08-16 20:28:43,51.0
k567jd6,"Twitter accounts :

@jacksonhinklle 

@droos_online 

@WarMonitors 

@QudsNen 

@CensoredMen 

@iRadwaR 

@DrLoupis 

@MoatAwesome_",IsrealPalestineWar_23,2023-10-16 21:25:34,178szd0,fruitybsbs,2022-04-18 23:25:12,29.0
k567a4g,"The United States media is trying to manipulate the population because we are close Allie’s with Israel, and justify a conflict if Iran were to be involved.

free Palestine.",IsrealPalestineWar_23,2023-10-16 21:24:00,179fon0,DazzlingMaximum7517,2023-02-01 08:33:20,80.0
k566k40,"You're right! Those final moments would have been gruesome.

As Pink Floyd says in a song: 'You strech the final moments with your fear'....",TerrifyingAsFuck,2023-10-16 21:19:36,179aolw,vaskeklut8,2018-07-19 11:26:42,66458.0
k566avg,Your 9/11 is our 24/7.,IsrealPalestineWar_23,2023-10-16 21:18:00,178xhpr,fruitybsbs,2022-04-18 23:25:12,29.0
k565scm,i respect jews as a religon not as thier current state,IsrealPalestineWar_23,2023-10-16 21:14:50,177asg0,boi_from_2007,2020-10-03 09:29:55,32030.0
k565oo9,"some funny stuff i found online



yes they are forbidden according to Torah, Talmud, their own highly rated scholars and the bible , heres some samples, the problem is Israel has degenerated to a secular liberal state who do not follow their own religion anymore and the arguments for it are from the perspective of secular liberalism not religion.

Biblical Verses Foretelling That G-d Will Send the Jews into Exile

Leviticus 26:33
And if you do not listen to Me, and do not keep all these commandments… and I will scatter you among the nations, and send the sword after you, and your land will be desolate, and your cities destroyed.

Deuteronomy 4:25
I call to witness today heaven and earth that you will perish quickly from the land that you are crossing over the Jordan to possess; you will not stay long on it…And G-d will scatter you among the peoples, and you will be left few in number in the nations where G-d will lead you.

Deuteronomy 11:16
Take heed to yourselves, lest your hearts be seduced, and you turn away and serve other gods, and bow to them. Then G-d will be angry at you, and He will close up the heavens and there will be no rain, and the earth will not give its produce, and you will perish quickly from upon the good land that G-d gives you.

Deuteronomy 28:36
G-d will lead you and your king, whom you will appoint over you, to a nation you and your fathers did not know.

Deuteronomy 28:63
You shall be moved off the good land which you come to inherit, and G-d will scatter you among all the nations, from one end of the earth to the other.

Biblical Verses Saying that the Jewish People Will be Gathered in from Exile Only When the Messiah Comes

Isaiah 11:1-12
A royal scepter will emerge from the stock of Jesse, and a sapling will sprout from his roots. The spirit of G-d will rest upon him, the spirit of wisdom and understanding, the spirit of counsel and power, the spirit of knowledge and fear of G-d… And it shall come to pass on that day, that the L-rd will once again acquire the rest of His people…and He will gather the dispersed of Israel, and the scattered of Judah He will gather from the four corners of the earth.

Ezekiel 37:21-24
So says the L-rd G-d, behold I will take the Children of Israel from among the nations where they have gone, and I will gather them from all sides, and I will bring them to their land…and My servant David will be king over them, one shepherd will be for all of them.",IsrealPalestineWar_23,2023-10-16 21:14:12,177asg0,boi_from_2007,2020-10-03 09:29:55,32030.0
k565lkp,Pretty low bar.,TerrifyingAsFuck,2023-10-16 21:13:41,179aolw,Zauberer-IMDB,2017-02-08 19:19:55,480996.0
k56572w,"Drowning isn't that bad comparatively. People think it is, because almost everyone knows what it feels like to run out of air. But that feeling is nothing compared to burning, for example.",TerrifyingAsFuck,2023-10-16 21:11:18,179aolw,Panukka,2013-08-22 18:58:30,502084.0
k564xgd,i never said jews dont deserve to live i said what was written in thier book deny the truth as much as you want but dont insult me,IsrealPalestineWar_23,2023-10-16 21:09:43,177asg0,boi_from_2007,2020-10-03 09:29:55,32030.0
k564rl8,"I sure hope not.  If anybody has a link to something, go ahead and ruin it for me...",TerrifyingAsFuck,2023-10-16 21:08:44,179aolw,jimbobslappy,2020-04-29 23:08:51,2945.0
k564okc,I have to remind myself of that fact every time I fly (the drive to the airport is more dangerous than my flight),TerrifyingAsFuck,2023-10-16 21:08:14,179aolw,VicMackeyLKN,2016-06-06 03:06:13,90117.0
k564ml6,"Well my wife's high school is named after the guy who initiated the battle by passengers to retake control of the plane, so I certainly hope it's a little bit better understood than that.",TerrifyingAsFuck,2023-10-16 21:07:55,179aolw,RoundPegMyRoundHole,2023-06-04 12:03:25,6860.0
k564je6,Here’s what I listened to the end of the clip for but was left (initially) disappointed.,TerrifyingAsFuck,2023-10-16 21:07:23,179aolw,TouringFriends,2020-11-19 00:43:41,1312.0
k564hpc,"The guy isn't a Moron, He's literally an astrophysicist and cosmologist. 

Yeah he oversteps his bounds and uses a logical fallacy often in a place where he doesnt belong.

But he isn't a moron.

I dont see why the world has to be so black and white, why people have to be so one faceted to others. Why exactly do you paint an entire complex person down to single word?

This is just mental masturbation. You arent any smarter than he is.",TerrifyingAsFuck,2023-10-16 21:07:06,179aolw,LMGDiVa,2017-05-08 00:21:31,320014.0
k564e09,"Just want to warn people that if you watch even one clip of his on youtube, the algorithm will start flooding you with stuff from Joe Rogan, Jordan Peterson, and Andrew Tate. The only way to cleanse your algorithm is to delete your history of watching his clips.",TerrifyingAsFuck,2023-10-16 21:06:29,179aolw,dragoonies,2009-03-05 05:46:38,18364.0
k5645vk,"My frustration is the conclusion he shares (in this clip) is incredibly vague, imprecise, and obvious. They die in ‘fractions of a second’ or ‘instantaneously’… obviously. Yet it feels like he is pretending to do “calculations” and pretending like his curiosity and knowledge got him to any actual real or different or meaningful answer. Maybe it did but he doesn’t share it (again in this clip, maybe he does in the full version).


There’s no calculation or anything at all mentioned- and the calculation here is like basic algebra. He is telling the other guy he is wrong and arguing the speed of the plane going 400mph vs 500mph like it actually matters only to then give a conclusion so vague that detail he argued over is 100% meaningless. Not only is it meaningless he’s also making it up, he didn’t do a frame by frame speed analysis or something, he’s assuming based on the plane needing to turn. 


It’s frustrating because the guy is just stating the incredibly obvious but acting like he’s somehow super smart for coming to that conclusion. And in doing so wasting everyone time because he doesn’t actually say anything new or remotely interesting to anyone. 


Another comment reply actually did the math which is at least something. Nothing wrong with being as correct as possible but this guy just was pretending to be (in this clip)",TerrifyingAsFuck,2023-10-16 21:05:07,179aolw,TouringFriends,2020-11-19 00:43:41,1312.0
k563u8v,"Most of the passengers on flight 11 had no idea what was going on. All the transcripts of phone calls the flight attendants made are available to read, as well as all ATC communication. There was a ton of confusion and even after the flight 11 hit the tower, ATC and the authorities didn’t even realize it and they believed that the plane continued on past Manhattan.",TerrifyingAsFuck,2023-10-16 21:03:11,179aolw,TardigradesAreReal,2022-03-26 05:54:26,4873.0
k563kia,There’s multiple videos. His math is useless. We have multiple records of the speed,TerrifyingAsFuck,2023-10-16 21:01:34,179aolw,Personal-Tomato-7869,2023-08-16 00:51:46,5741.0
k563fds,Good show no mercy give no quarter,IsrealPalestineWar_23,2023-10-16 21:00:43,178jw6c,EmbarrassedTutor7386,2021-08-25 00:39:37,926.0
k5639v2,Joe: but what would it be like if you were on DMT?,TerrifyingAsFuck,2023-10-16 20:59:49,179aolw,MIDNIGHTZOMBIE,2010-05-21 04:48:56,119606.0
k562lix,nope,IsrealPalestineWar_23,2023-10-16 20:55:44,179c8ke,gurufabbes123,,893.0
k562i1e,Pathetic waist of oxygen,IsrealPalestineWar_23,2023-10-16 20:55:10,1793gbi,EmbarrassedTutor7386,2021-08-25 00:39:37,926.0
k562412,Yes.  That's the philosophical portion of the conversation but this was an analytical analysis based on a question.,TerrifyingAsFuck,2023-10-16 20:52:52,179aolw,[deleted],,0.0
k5621tl,"that's why i think the people in the imploded titanic submersible were in a better place.  morbidly speaking.

i don't think the submersible people even were aware that they were about to implode.  they may have been trying to look at something in wonder, then - nothing.  your last thought being ""wow... look at that cool--"" then nothing.",TerrifyingAsFuck,2023-10-16 20:52:30,179aolw,greenroom628,2010-08-27 19:38:27,521741.0
k5613tf,"I tried to get quickly caught up about the underlying conflict that appears to be embedded into the culture.  I found a good summary article about Israel Jerusalem history which gives me the indication that Jews have passionate about the area, non stop, for thousands of years whereas all others appear to be occupiers who simply took over the area, then got wiped out by the next occupier.  So it appears that there is just a culture of ongoing conflict for all nations in that area, against a group who is passionate to remain in the area mainly driven by religious reasons with roots that are thousands of years old.

If I'm not wrong, the argument between these groups is no different than Canada and indigenous people.  Whereas, Canada has put aside the narrow history time span of 100 years and colonization, and recognized that indigenous people were here well before that which has resulted in land being given back and hundreds of billions of dollars of payout to indigenous groups over the years. 

Do you think my summary of history, at a broad level, is relatively accurate? If yes, then its really an argument being had about when in history do we draw the line and who's right.  That's more of a political sensitive question, but if we were to accept the same perspective as what is applied in Canada, then Israel might be the equivalent of indigenous people of the west. 

I haven't heard anyone approach this with that perspective, so I'm curious on your thoughts?  

I'm not here to suggest I am right, or that I am wrong.",IsrealPalestineWar_23,2023-10-16 20:47:01,17953ng,sirruckus,2022-03-15 07:19:03,1.0
k5613ot,"To intervene 

Against Hamas 

Because they killed US citizens

And we’re still doing GWOT",IsrealPalestineWar_23,2023-10-16 20:47:00,178l8f3,Sure-Engineering1871,2023-04-29 21:11:54,2087.0
k56135m,I still remember this and still feel the same! Parking lot!,IsrealPalestineWar_23,2023-10-16 20:46:55,178xhpr,Character_Ad_7798,2022-02-28 20:59:54,6408.0
k560xrg,Support more!,IsrealPalestineWar_23,2023-10-16 20:46:01,179604e,Lost_ad2408,2023-10-07 23:37:38,83.0
k560nc3,I really don't remember any pain.,TerrifyingAsFuck,2023-10-16 20:44:18,179aolw,GrandHetman,2019-05-12 13:58:38,31321.0
k560456,I thought that the first moments after inhaling water are excruciating and then when you’re on the verge of passing you feel a wave of calmness. Thats what i’ve heard atleast…,TerrifyingAsFuck,2023-10-16 20:41:07,179aolw,Additional_Knee4215,2021-06-02 09:49:51,50476.0
k55zvxd,There are windows in the plane.  Everyone would have been able to see how low they were flying as they entered the city.  The realization that they intended to crash the plane was the horror.,TerrifyingAsFuck,2023-10-16 20:39:46,179aolw,Searchlights,2011-03-08 20:46:53,1747115.0
k55z8tp,That's why so many people jumped from the towers. The unbearable pain from the flames overcame their instinct not to jump.,TerrifyingAsFuck,2023-10-16 20:35:56,179aolw,sanseiryu,2013-01-02 09:30:49,11858.0
k55yvyd,"&gt; Literally getting on a plane in 12 hours.

You're *at least* an order of magnitude more likely to die driving to the airport than in a commercial airline disaster. It's probably multiple orders of magnitude, but I'm far too lazy to look up statistics.",TerrifyingAsFuck,2023-10-16 20:33:50,179aolw,Lokta,2012-06-18 02:17:38,27909.0
k55ysk6,Of course but that doesn't make his tricks any less annoying.,TerrifyingAsFuck,2023-10-16 20:33:16,179aolw,Vlaed,2012-08-20 04:09:10,427150.0
k55xtje,Or being forced to leap from the towers...,TerrifyingAsFuck,2023-10-16 20:27:27,179aolw,dazrage,2020-01-08 21:55:59,64454.0
k55xhc5,Knowing what he knows would fill me with anxiety from morning to night.,TerrifyingAsFuck,2023-10-16 20:25:27,179aolw,Imyoteacher,2019-05-04 15:15:33,66507.0
k55wkun,"If you really think about you can die anytime really the world can end intently in so many ways it's best to not think about it and just vib with existences

![gif](giphy|3lxD1O74siiz5FvrJs|downsized)",TerrifyingAsFuck,2023-10-16 20:20:08,179aolw,InitialIndication999,2021-06-02 11:05:28,61939.0
k55vmr4,"For what it's worth, modern airplanes have something called TCAS.  It uses radar to look for nearby aircraft and can even tell the pilots to go in opposite directions (up and left and down and right) if they get too close.",TerrifyingAsFuck,2023-10-16 20:14:28,179aolw,zachmorris_cellphone,2014-09-28 16:16:45,1636.0
k55vlir,"its not the death moment itself that haunted them, it was the anxiety and fear as they realized what was about to happen",TerrifyingAsFuck,2023-10-16 20:14:16,179aolw,MisterC00lGuy,2016-03-19 23:59:11,40106.0
k55vkej,"The things I’ve seen them do to their own people! Placing explosives on children, making a 5 year old girl try to drop a lunch box off an over pass on a convoy, slaughtering villages if they do do exactly as told, I’ve seen heads cut off and limbs removed from teens and young adults for not following the early influences of ISIS/IS/ISIL, I mean it’s a shit show in the Middle East. If the VA would fix me up I’d be glad to go help out again though. Not a worry on my mind that I know in my heart that not one blood cell would hesitate to lend a helping hand to ruining Hamas and anyone who supports or kept them in power. And they need to stop with the “children” bullshit. These people need to do some math here. If you are in a city run by terrorists from 20 years ago when they were cheering on the 9/11 attack and you are 14-17 you have been heavily influenced and indoctrinated into that mind set. So is a 14-17 yr old a child when they have a weapon and the mindset of a terrorist 20 years ago???? How much influence inside Gaza has come from the outside? I doubt very much, but the terrorist cells that were cooking in a hot sweaty room in the 2nd floor of some derelict building planing to kill a bunch of people in settlements and at a music festival sure had enough influence in that city to cause NOT CHILDREN but active combatants to commit those atrocities.",IsrealPalestineWar_23,2023-10-16 20:14:05,178l8f3,AnimalL33t,2022-08-29 02:45:20,8473.0
k55vju0,Joe Rogan makes everything less interesting.,TerrifyingAsFuck,2023-10-16 20:13:59,179aolw,ItsSpaghettiLee2112,2023-01-04 20:18:58,56403.0
k55ughv,"Nah man. Ain't no way in hell we going door to door in yet another Middle Eastern conflict. We've tried like three times now, and every time it ends disastrously.   


Unless we're blowing a crater the size of England into the holy-land, we can't help you anymore.",IsrealPalestineWar_23,2023-10-16 20:07:29,178l8f3,Icy-Weather2164,2020-10-15 06:06:58,1038.0
k55tt18,He's still smarter than the vast majority of us here on Reddit,TerrifyingAsFuck,2023-10-16 20:03:34,179aolw,typeronin,2006-11-17 22:27:45,36865.0
k55tasv,He’s objectively pompous.,TerrifyingAsFuck,2023-10-16 20:00:30,179aolw,hombre_bu,2018-06-21 01:16:45,144473.0
k55t4mf,Literally getting on a plane in 12 hours.,TerrifyingAsFuck,2023-10-16 19:59:26,179aolw,schatzey_,2018-03-18 14:19:34,9846.0
k55sojy,I found him interesting but then a Redditor pointed out the tricks he uses to sound more intelligent. I haven't been able to listen to him since. It reminds me of how I like Family Guy but never really thought about how every joke was a flashback. Then someone pointed it out and I couldn't unsee it.,TerrifyingAsFuck,2023-10-16 19:56:46,179aolw,Vlaed,2012-08-20 04:09:10,427150.0
k55s5os,Of it not being instantaneous….,TerrifyingAsFuck,2023-10-16 19:53:35,179aolw,GramercyPlace,2016-09-12 21:57:33,18389.0
k55s12s,"The people in the first 2 planes didn't know the plane was going to crash. 

The terrorists said over the intercom (and over the radio by accident) that they were going to land the plane at another airport. That probably made the people think they just wanted money and everything would be fine. 


Only on the last plane, the one that was supposed to hit the capital/Whitehouse, did some of the passengers get calls from family telling them what had happened to the towers. 

The people on that plane overpowered the terrorists in the hallway and were trying to kick down the door to the cockpit. The terrorists realised they weren't going to make it to Washington so they went nose-down and crashed into the ground instead. 


https://youtu.be/AKNkyN57UTk?si=hnywYbcmvsN_5cqb",TerrifyingAsFuck,2023-10-16 19:52:50,179aolw,dylan15766,2014-07-24 22:12:04,170867.0
k55rxqk,Goddamn we need Carl Sagan back,TerrifyingAsFuck,2023-10-16 19:52:18,179aolw,Walter_Padick,2022-01-12 00:36:44,25166.0
k55rx0s,I couldn’t agree more.    The straight savages I have seen in Iraq and Afghanistan make me have no care about any hamas life.   I hope all of hamas dies,IsrealPalestineWar_23,2023-10-16 19:52:10,178l8f3,wildbill8714,2022-04-08 23:18:51,88.0
k55rtv1,My ancestors will look favorably upon me as I fight holy jihad in the name my people. My war club stands at the ready for our great nation.,IsrealPalestineWar_23,2023-10-16 19:51:38,178o4b2,Icy-Weather2164,2020-10-15 06:06:58,1038.0
k55rt43,...and you are a dishonest clown....,IsrealPalestineWar_23,2023-10-16 19:51:31,1787hxn,OkPower3155,2021-01-27 19:32:37,123.0
k55rppz,"Nope, as someone who almost drowned, literally on the verge of death and ended up in a hospital. I didn't feel pain, I felt exhausted and I was fully aware that I was about to drown.",TerrifyingAsFuck,2023-10-16 19:50:57,179aolw,GrandHetman,2019-05-12 13:58:38,31321.0
k55r5ul,"&gt;He debated the 500 vs 400 mph like it mattered just to get the same conclusion of ‘instantaneous’ death.

 I don't understand why this is a bad thing. This is exactly the kind of mentality you would want a scientist of any field to have. They should be taught to always be as correct as provably possible.",TerrifyingAsFuck,2023-10-16 19:47:40,179aolw,GwenhaelBell,2022-07-31 03:09:44,5914.0
k55qz2r,That’s… man…,IsrealPalestineWar_23,2023-10-16 19:46:33,178xhpr,kjm6351,2016-11-12 16:26:33,322384.0
k55qu33,....they know.....,IsrealPalestineWar_23,2023-10-16 19:45:43,178gb3n,OkPower3155,2021-01-27 19:32:37,123.0
k55qp1p,r/oddlycomforting.,TerrifyingAsFuck,2023-10-16 19:44:52,179aolw,SlickestIckis,2021-03-04 01:41:52,93727.0
k55qk6t,"Captain obvious finds out:

*a crash in one of the fast vehicle of transport is one of the fastest crashes!*",TerrifyingAsFuck,2023-10-16 19:44:03,179aolw,Fine-Teacher-7161,2022-08-30 16:55:20,94742.0
k55prux,Jeez thanks man. Now I’ll never fly the same again,TerrifyingAsFuck,2023-10-16 19:39:19,179aolw,kirkerandrews,2013-06-30 09:59:26,21294.0
k55prf4,Ah yes..... I remember this all too well.   My thoughts are with ISRAEL in all this.,IsrealPalestineWar_23,2023-10-16 19:39:15,178xhpr,OkPower3155,2021-01-27 19:32:37,123.0
k55pb79,"I often think about this on a plane. At any moment it could crash head on into another plane, and you can never predict it because you can't see ahead of the plane. So at any moment you could just pop out of existence, instantly vaporised before your brain can know what happened.  
  
So the entire time you're flying, you're in this weird state where any given moment could be your last. And you'd never know which moment it was.  
  
You could say it's like that all the time. But in most cases you'd have some brief awareness - a car coming towards you, etc.",TerrifyingAsFuck,2023-10-16 19:36:30,179aolw,peach_boy_11,,0.0
k55pb24,"this comes as NO surprise at all.  Part of the ""axis of evil"".  They all work together now (Russia.... Iran.... China... N. Korea).  Pure evil all 4 of them.",IsrealPalestineWar_23,2023-10-16 19:36:29,179604e,OkPower3155,2021-01-27 19:32:37,123.0
k55p50j,Answer:  No.,IsrealPalestineWar_23,2023-10-16 19:35:30,179c8ke,OkPower3155,2021-01-27 19:32:37,123.0
k55osok,"This analyst included report and videos in his latest video.

https://www.youtube.com/watch?v=6PO-vbQpp84",IsrealPalestineWar_23,2023-10-16 19:33:27,172ehht,The_Ultimate_DooM,2023-02-08 18:25:32,632.0
k55oqoh,"This is extremely vague and lacks a ton of information leading to the causes of early conflict.

[Plan Dalet](https://imeu.org/article/plan-dalet)

[King David Hotel](https://www.google.com/search?q=bombing+of+king+david+hotel&amp;ie=UTF-8&amp;oe=UTF-8&amp;hl=en-us&amp;client=safari)

[Deir Yassin Massacre](https://en.wikipedia.org/wiki/Deir_Yassin_massacre)

Here’s a well written book albeit biased. But factual nonetheless. [The Ethnic Cleansing of Palestine](https://en.wikipedia.org/wiki/The_Ethnic_Cleansing_of_Palestine)",IsrealPalestineWar_23,2023-10-16 19:33:06,17953ng,Red-Bearded-Fox,2023-10-13 17:36:25,3552.0
k55op2z,Isn't Michio kind of an asshole though?,TerrifyingAsFuck,2023-10-16 19:32:50,179aolw,CDK5,2014-10-02 03:11:12,28147.0
k55n2ym,"So I did the math and here are the numbers: excluding the front and back of the plane, the inside is about 40m long, 400 mph is 178.816 m/s so 40/178.816 = 0,2236936292s

With 500mph or 223.52m/s, 40/223.52 = 0,1789549034s

So the difference is less than &lt;0.05s, in comparison an average blinking lasts 0.15 seconds.

So you would literally die in a blink of an eye.",TerrifyingAsFuck,2023-10-16 19:23:10,179aolw,HikariAnti,2020-03-04 16:51:36,182251.0
k55mz82,"There was one of the flight attendants that managed to get a phone and she was like ""oh my god we are flying too low in the city, we are going to crash"" and right after this, they hit the tower.

But it was the same for the people in Japan that were inside the range of the nuke with the extreme heat, where they just vaporized instantly, they never knew what happened.",TerrifyingAsFuck,2023-10-16 19:22:34,179aolw,Diacetyl-Morphin,2021-01-16 16:22:55,252237.0
k55m6ox,Probably won’t be fast enough for me; Sheesh!,TerrifyingAsFuck,2023-10-16 19:17:50,179aolw,Bmaandpa,2017-04-10 01:49:22,1949.0
k55lprq,"Yeah, like buddy I figured out that they died in less than a second the first time I saw it happen, when I was 12.",TerrifyingAsFuck,2023-10-16 19:14:59,179aolw,Jadccroad,2015-07-18 17:52:02,38433.0
k55lbsb,I'm neutral. Never understood the hype or how he got famous but he doesn't really bother me either other than maybe a couple of odd takes he might have had. His presentation style is not very inspiring but adequate. I always figured that I compared him to Carl Sagan which is a difficult act to follow in terms of eloquence.,TerrifyingAsFuck,2023-10-16 19:12:38,179aolw,mitojee,2007-11-07 21:04:09,12305.0
k55k88i,I just asked my husband about it last week. Wondered if they knew they were going to die. I really hope they had no clue obviously. He said they probably knew. At least it was instantaneous.,TerrifyingAsFuck,2023-10-16 19:06:01,179aolw,Electrical_Beyond998,2022-07-19 09:34:19,74558.0
k55jxer,Neil or OP who found an immediate undiscernable death 'terrifying as fuck'?,TerrifyingAsFuck,2023-10-16 19:04:12,179aolw,URHousingRights,2023-06-14 00:28:31,1940.0
k55jlc3,I thought the fourth plane was rehijacked by the passengers?,TerrifyingAsFuck,2023-10-16 19:02:10,179aolw,AdAffectionate3587,,907.0
k55j9is,"You know hes just chatting with Joe right? Its not some scientific meeting. I dont like his personality, but they are just talking here. Completely harmless.",TerrifyingAsFuck,2023-10-16 19:00:12,179aolw,Aggressive_Chain_920,2020-12-06 17:33:57,115224.0
k55itpl,"He never said that it was difficult, only that he calculated it.",TerrifyingAsFuck,2023-10-16 18:57:36,179aolw,Aggressive_Chain_920,2020-12-06 17:33:57,115224.0
k55ijco,"Sure,  Michio lacks that off-putting attitude that Tyson sports - it reeks of deep insecurity like he's getting back at everyone who ever wronged him (which I believe is a lot of people.   And ffs, stop complaining about bad science in space movies.  They're not documentaries. 

That said, Michio presents super speculative things like they are firmly agreed on, and seems to have a delivery style perfectly tuned for clickbait.   I find him weirdly worse. 

IMO, Brian Cox is the best heir to Carl Sagan's legacy:  science + poetry + hopeful polemics.",TerrifyingAsFuck,2023-10-16 18:55:51,179aolw,mjc4y,2006-04-11 20:36:51,83277.0
k55hvx9,"From what I understand, it’s believe that the burning North Tower would’ve been visible to passengers on 175 as it banked towards the city. It wouldn’t be a leap to think they might have put together what was happening in those last moments.",TerrifyingAsFuck,2023-10-16 18:51:56,179aolw,PM_STAR_WARS_STUFF,2018-03-29 19:11:34,63528.0
k55hqpu,"I mean he said he was doing calculations to figure out exactly how long you’d have and just said “fractions of a second”. Like no shit. He debated the 500 vs 400 mph like it mattered just to get the same conclusion of ‘instantaneous’ death. 


There’s no context here and it’s clipped but this clip is just frustrating.",TerrifyingAsFuck,2023-10-16 18:51:04,179aolw,TouringFriends,2020-11-19 00:43:41,1312.0
k55hgkn,Shill Degrass Tyson,TerrifyingAsFuck,2023-10-16 18:49:22,179aolw,magakag11,2019-12-23 13:49:25,3647.0
k55hff9,"exactly! doing 1+1 is a calculation, doesn't have to be complex as shit",TerrifyingAsFuck,2023-10-16 18:49:10,179aolw,xencois,2020-08-28 13:28:22,11519.0
k55gpoj,Things that really never needed to be thought about.,TerrifyingAsFuck,2023-10-16 18:44:54,179aolw,Difficult_Let_1953,2021-12-06 23:46:30,74576.0
k55gnou,I don’t know how aware the passengers in 11 or 175 were that the hijackings were a suicide mission. The ones in United 93 certainly were because it was the last flight to crash and they had already received the news of the WTC hijackings. I could be wrong though.,TerrifyingAsFuck,2023-10-16 18:44:33,179aolw,st3ll4r-wind,2022-09-18 20:16:40,103251.0
k55gm2q,Separate laws are applied depending on ethnic background.,IsrealPalestineWar_23,2023-10-16 18:44:18,179c8ke,Nonamanadus,2012-12-10 21:46:32,105966.0
k55g7kw,"Almost everything else would be better than drowning or burning to death as they’re one of the most painful ways to die, no?",TerrifyingAsFuck,2023-10-16 18:41:51,179aolw,Additional_Knee4215,2021-06-02 09:49:51,50476.0
k55fz07,Galaxy brain,TerrifyingAsFuck,2023-10-16 18:40:25,179aolw,spiritanimalofcousy,2016-05-06 14:04:49,41886.0
k55fdwf,"He may be the guy you want doing science, but not representing science. IMHO

Edit:  I like this guy better for repping science: Michio Kaku",TerrifyingAsFuck,2023-10-16 18:36:53,179aolw,jimbobslappy,2020-04-29 23:08:51,2945.0
k55f63f,"But they suffered a lifetime during the hijack, murder of staff/people, and seeing they are running into a building. Goo or no goo, they all suffered too long.",TerrifyingAsFuck,2023-10-16 18:35:34,179aolw,Ohshitz-,2022-01-12 01:05:17,32250.0
k55el2o,Didn't the British create Israel?,IsrealPalestineWar_23,2023-10-16 18:32:04,178lbsa,Due_Cauliflower7640,2023-05-13 01:16:37,91.0
k55ee5v,"Well he was probably interested in the specific figure, like we can all guess it was instantaneous, but figuring out exactly what that means in a scientific perspective isnt something you just guess.",TerrifyingAsFuck,2023-10-16 18:30:53,179aolw,Powerful_Artist,2018-07-31 18:46:06,296507.0
k55d6dq,The guy just rubs me the wrong way. There is arrogance to him that makes me not want to even listen to what he has to teach or say. I love science and Fanboy to many scientists but he's kinda cringey to me,TerrifyingAsFuck,2023-10-16 18:23:31,179aolw,Raise-Emotional,2020-07-04 06:23:10,111021.0
k55d46g,"Two planes hit buildings at high speed, exploding immediately. Everyone onboard is presumed immediately dead, by everyone who ever saw footage of the impact for 20 years.

Neil DeGrasse Tyson: I calculated through calculations that they died instantly",TerrifyingAsFuck,2023-10-16 18:23:08,179aolw,Lordquas187,2018-06-21 02:26:42,14112.0
k55d1sx,I know it has. Doesn't make it right.,IsrealPalestineWar_23,2023-10-16 18:22:44,178xhpr,dasanman69,2016-11-29 01:51:39,70253.0
k55cumt,You can’t even wipe ass with your suggestions,IsrealPalestineWar_23,2023-10-16 18:21:32,178o4b2,dexter1959,2022-05-19 07:04:52,6971.0
k55csbx,Tyson and I think about different things from day to day.,TerrifyingAsFuck,2023-10-16 18:21:08,179aolw,samsonity,2019-11-07 20:01:26,119438.0
k55c9jr,"""It's fascinating how soothing they both sound. Listen..."" \*farts\*",TerrifyingAsFuck,2023-10-16 18:17:57,179aolw,Onyx076,2017-09-19 11:28:46,7626.0
k55bxb0,"There's still a terrifying moment before the crash, knowing you're gonna die soon along with your family. I'd say it's equally terrifying mentally as it is while drowning",TerrifyingAsFuck,2023-10-16 18:15:53,179aolw,SensitiveAnteater832,2022-05-17 13:32:24,4869.0
k55bq34,That’s been going on for centuries.  New to this planet?,IsrealPalestineWar_23,2023-10-16 18:14:41,178xhpr,dexter1959,2022-05-19 07:04:52,6971.0
k55bbr5,I wish this tyson guy would just shut up and go away. Such an “i am very smart” wanker,TerrifyingAsFuck,2023-10-16 18:12:17,179aolw,Captain-Obvious-420,2023-06-19 18:12:05,11836.0
k55bakj,"Technically, even if basic, it's still a calculation",TerrifyingAsFuck,2023-10-16 18:12:05,179aolw,rtemplr,2023-07-16 07:16:12,332.0
k55b661,"You don’t need to be NdGT to have worked that one out, surely. Anyway, it’s the period between hijack and impact that’s the worst bit! 😞",TerrifyingAsFuck,2023-10-16 18:11:21,179aolw,j-mac86,2022-12-23 22:29:12,763.0
k55b5v7,Everyone who’s laughing and celebrating deserves a jdam enema 🖕,IsrealPalestineWar_23,2023-10-16 18:11:18,178xhpr,dexter1959,2022-05-19 07:04:52,6971.0
k55b3jr,"People with Hollywood brains.

So basically, most.",TerrifyingAsFuck,2023-10-16 18:10:55,179aolw,eltegs,2016-11-21 03:27:53,66684.0
k55a36f,My guess is being able to comprehend it vs no having had the opportunity to at all due to insane speed,TerrifyingAsFuck,2023-10-16 18:04:48,179aolw,ZAK7RY,2021-01-19 20:59:43,1498.0
k559xsf,Nobody expect the Panih inquizition,TerrifyingAsFuck,2023-10-16 18:03:54,179aolw,spacesluts,2019-08-28 15:05:41,177497.0
k559uu2,yeah but how hard would it be to repurpose those? probably not that hard,IsrealPalestineWar_23,2023-10-16 18:03:24,179604e,No_Touch_1146,2023-08-28 00:04:17,489.0
k559620,That’s actually semi-comforting,TerrifyingAsFuck,2023-10-16 17:59:15,179aolw,ThunderUnderWhere,2020-08-28 06:56:47,15216.0
k558xbg,Epana!,TerrifyingAsFuck,2023-10-16 17:57:49,179aolw,SkyfireSierra,2022-04-12 13:50:19,9276.0
k558ccg,I have never heard anything smart in a conversation of these two. But always the mind blow music in the background lmfao,TerrifyingAsFuck,2023-10-16 17:54:18,179aolw,Ehwaz196,2020-06-30 11:36:06,7858.0
k557ul1,So kind of like the time frame and what happened to the Titanic submersible,TerrifyingAsFuck,2023-10-16 17:51:23,179aolw,Green_Slice_3258,2021-06-05 04:57:17,58782.0
k557s1s,Yeah the people IN the tower definitely had it worse… in a way. I guess the entire highjacking was the buildup to their death much like drowning but without the physical pain. Horrible way to go,TerrifyingAsFuck,2023-10-16 17:50:58,179aolw,tjfluent,2020-08-08 13:39:01,7495.0
k557roo,Who didn’t already know this?,TerrifyingAsFuck,2023-10-16 17:50:54,179aolw,joeko,2011-06-14 16:57:37,2371.0
k557l8i,He loves to make himself sound fancy.,TerrifyingAsFuck,2023-10-16 17:49:51,179aolw,LeatherClassroom524,2023-07-01 02:51:16,12498.0
k557jim,Having to jump from the tower…,TerrifyingAsFuck,2023-10-16 17:49:34,179aolw,thuggerybuffoonery,2011-12-22 19:01:58,68786.0
k557i27,Yeah no shit sherlock,TerrifyingAsFuck,2023-10-16 17:49:19,179aolw,Comfortable_Rip_3842,2022-06-03 08:16:42,15751.0
k557goo,I always hated this guy.,TerrifyingAsFuck,2023-10-16 17:49:05,179aolw,freelans326,2011-02-08 08:50:25,26354.0
k5570h3,Denial and willful ignorance of history also fuels support of large scale ethnic cleansings.,IsrealPalestineWar_23,2023-10-16 17:46:25,179alaj,Red-Bearded-Fox,2023-10-13 17:36:25,3552.0
k556w35,Next he’s going to tell everyone the sun is probably hotter than anything on the planet.,TerrifyingAsFuck,2023-10-16 17:45:41,179aolw,Balsakteebaghar,2016-07-10 02:49:20,5980.0
k555ven,Hamas started it and now Israel is finishingit,IsrealPalestineWar_23,2023-10-16 17:39:37,1793oau,Herrgrun420,2023-10-09 00:26:04,44.0
k555t9e,Dont act like you don’t like smelling your own farts bruh,TerrifyingAsFuck,2023-10-16 17:39:15,179aolw,Prior_Flow_3518,2020-10-19 01:00:01,26909.0
k555sbd,"“ yeah I calculated that it takes no time to die in a plane crash. Took me like five hours.” 
Joe Rogan: 😱",TerrifyingAsFuck,2023-10-16 17:39:05,179aolw,that_almond_milk,2020-12-21 15:44:45,1969.0
k555phd,🇪🇸but the s is silent,TerrifyingAsFuck,2023-10-16 17:38:37,179aolw,LitrallyCantEven,2015-10-21 02:57:04,8788.0
k555nop,Doesn’t seem like a very difficult thing to calculate lol,TerrifyingAsFuck,2023-10-16 17:38:20,179aolw,that_almond_milk,2020-12-21 15:44:45,1969.0
k555g75,What's the alternative?,TerrifyingAsFuck,2023-10-16 17:37:04,179aolw,burnSMACKER,2013-04-01 00:37:05,1082671.0
k554xnm,TIL less than a second is in fact a fraction of a second. Thanks Neil.,TerrifyingAsFuck,2023-10-16 17:34:00,179aolw,SuggestionWrong504,2020-11-07 21:27:57,50296.0
k554l62,"""Well. Actually. There isn't any substance in human fart that can get me high. I just like the smell AND the sound, almost as much as my own voice.""",TerrifyingAsFuck,2023-10-16 17:31:56,179aolw,Miserable_Ad9577,2021-05-23 21:04:47,34643.0
k554agv,"Any difference in consistency than non-pulverized goo, I wonder? 

Let’s ask Neil.",TerrifyingAsFuck,2023-10-16 17:30:08,179aolw,mityafinob,2015-02-28 21:56:08,32727.0
k5541z4,All that brain power to just come to the conclusion that the passengers died instantly when having the plane crash into a building 🤦‍♂️ this guy is a sham lol,TerrifyingAsFuck,2023-10-16 17:28:43,179aolw,rvca420RX,2022-02-26 22:13:27,35481.0
k553v9l,he had to do calculations to figure that out?,TerrifyingAsFuck,2023-10-16 17:27:36,179aolw,b0hannon,2018-05-01 17:30:49,56979.0
k553acn,*pulverized pile of goo*,TerrifyingAsFuck,2023-10-16 17:24:05,179aolw,_yeah_boi,2020-08-25 10:56:08,47077.0
k5531x1,NDT gets high on the smell of his own farts,TerrifyingAsFuck,2023-10-16 17:22:38,179aolw,hombre_bu,2018-06-21 01:16:45,144473.0
k552bhu,But how long would it take to kiss someone else in a mirror?,TerrifyingAsFuck,2023-10-16 17:18:12,179aolw,NorthSouthWhatever,2016-10-01 00:24:09,25634.0
k5522hj,Better off than the people who had to decide to jump from the towers I suppose,TerrifyingAsFuck,2023-10-16 17:16:40,179aolw,Catonthelawn,,0.0
k551tcr,"As terrifying as this is, the alternative is even more terrifying.",TerrifyingAsFuck,2023-10-16 17:15:08,179aolw,kimbolll,2020-06-25 01:40:53,172594.0
k5513kb,The 100 videos that played for years confirms this. Thanks not-Einstein guy.,TerrifyingAsFuck,2023-10-16 17:10:47,179aolw,BotZapper98K,2023-06-07 21:08:14,109537.0
k550rg3,very good info/watch thanks for that.,IsrealPalestineWar_23,2023-10-16 17:08:46,17953ng,Resident_Fisherman22,2021-01-06 08:22:51,31.0
k54yvuq,At least it's better than burning to death or drowning,TerrifyingAsFuck,2023-10-16 16:57:29,179aolw,InitialIndication999,2021-06-02 11:05:28,61939.0
k54vfpn,yes chat GPT,IsrealPalestineWar_23,2023-10-16 16:36:53,17953ng,Resident_Fisherman22,2021-01-06 08:22:51,31.0
k54rth6,why would you compare hamas to the harmless palestinians?,IsrealPalestineWar_23,2023-10-16 16:15:01,178311r,[deleted],,0.0
k54riyg,they are currently looking for basic human rights not womens right or whatever other rights so lets achieve the basic human rights and then we could talk about all the other rights,IsrealPalestineWar_23,2023-10-16 16:13:12,178311r,[deleted],,0.0
k54mw2l,Reads like Chat GPT.  Which one did you use?,IsrealPalestineWar_23,2023-10-16 15:44:55,17953ng,TurningWrench,2020-01-04 17:52:12,4368.0
k54m8f6,Those are stanchions for hand rails.   Good try.,IsrealPalestineWar_23,2023-10-16 15:40:54,179604e,TurningWrench,2020-01-04 17:52:12,4368.0
k54lta6,Page does not exist.,IsrealPalestineWar_23,2023-10-16 15:38:20,1798kjh,GucciiGoo,2021-06-29 20:28:42,407.0
k54lozm,"There's no such thing as the lesser evil, only the weaker evil.",IsrealPalestineWar_23,2023-10-16 15:37:37,178gb3n,dasanman69,2016-11-29 01:51:39,70253.0
k54l94u,https://m.youtube.com/watch?v=XNf40sBcvKk,IsrealPalestineWar_23,2023-10-16 15:34:56,17953ng,RktitRalph,2021-02-27 17:44:54,10799.0
k54jv29,If Israel gave all of Gaza away and let it be free would that stop Muslims from wanting to destroy Israel?,IsrealPalestineWar_23,2023-10-16 15:26:16,178wlzo,DracosRevenge2021,2021-06-09 00:45:23,304.0
k54jgm4,"if Israeli people and government think that it will end here they are very wrong.

If they can't find a solution, they're new neighbors are going to be 10x more violent. 

Now all the ""people"" are gone...no more civilians.

USA can't afford to get involved.",IsrealPalestineWar_23,2023-10-16 15:23:48,178gb3n,Themodsarehotgarbage,,23.0
k54efsd,Isreals  escalation ?  Lol theu were attacked.  What did hamas think would happen ?,IsrealPalestineWar_23,2023-10-16 14:51:48,17887lk,firekiller84,2021-01-28 16:32:29,1176.0
k54abbz,"Isreal supporting Hamas is a misconception, they never directly supported them. Hamas was founded in the late 1980s as a Palestinian resistance movement with the goal of ending Israeli occupation of Palestinian territories and establishing a Palestinian state. While there have been allegations and conspiracy theories suggesting that Israel supported Hamas to undermine the PLO, these claims lack substantial evidence and have been widely discredited.",IsrealPalestineWar_23,2023-10-16 14:24:41,1791yof,Resident_Fisherman22,2021-01-06 08:22:51,31.0
k548pxf,Like [these](https://www.tiktok.com/t/ZT8hUmQxo/)?,IsrealPalestineWar_23,2023-10-16 14:13:53,178xhpr,dasanman69,2016-11-29 01:51:39,70253.0
k548lq1,How long does someone have to live on a land before it's theirs. Nobody should be able to write words on paper and claim that land from the inhabitants.,IsrealPalestineWar_23,2023-10-16 14:13:04,178xhpr,dasanman69,2016-11-29 01:51:39,70253.0
k5471bs,I agree with you. Just understand that the Palestinians aren't doing anything the Jews haven't done. I'm a firm believer that in war only soldiers should be killed buts sadly that's rarely the case.,IsrealPalestineWar_23,2023-10-16 14:02:12,178gb3n,dasanman69,2016-11-29 01:51:39,70253.0
k5464ri,Yea this war is the worst,IsrealPalestineWar_23,2023-10-16 13:55:47,174scu0,Biggus_Pussus,2022-05-26 18:17:20,535.0
k544bxe,"It’s to deter other nations (particularly Iran) from jumping in, not to deter Israel/Hamas.",IsrealPalestineWar_23,2023-10-16 13:43:07,178l8f3,Thighabeetus,2020-11-14 03:48:25,22763.0
k543hce,"Man i think it was some DUDE that just said "" yo god said this shit"" ....prolly because somebody stole his girl.

Fucking no way there is supposed to be this much hate.",IsrealPalestineWar_23,2023-10-16 13:36:52,178gb3n,Themodsarehotgarbage,,23.0
k542cas,"Yea you can’t video yourself killing a thousand civilians including women and children and not expect a response.  This all would have been easier if Palestinians didn’t support Hamas.  I pray it is over quickly and that suffering is minimized, but nobody cares about your “people” now",IsrealPalestineWar_23,2023-10-16 13:28:19,178gb3n,Thighabeetus,2020-11-14 03:48:25,22763.0
k541enp,"“Now go and attack the Amalekites and completely destroy everything they have. Do not spare them. Kill men and women, infants and nursing babies, oxen and sheep, camels and donkeys.” (1 Sam 15:3)

That is what God told the Hebrews to do to the people living in the land that is now Isreal.",IsrealPalestineWar_23,2023-10-16 13:21:12,178gb3n,dasanman69,2016-11-29 01:51:39,70253.0
k540vct,Thank you for that summary.,IsrealPalestineWar_23,2023-10-16 13:17:06,17953ng,dasanman69,2016-11-29 01:51:39,70253.0
k53xka7,"A good video on the topic for those wanting to understand. 

https://www.youtube.com/watch?v=etFWMlEDYDg",IsrealPalestineWar_23,2023-10-16 12:50:47,1787y11,CrazyScreen,2020-07-02 17:33:51,3456.0
k53xjae,This is like forming an opinion on the US based on the people who stormed the capital.,IsrealPalestineWar_23,2023-10-16 12:50:34,178xhpr,No_Builder_5744,2023-08-08 23:41:47,210.0
k53v1cc,"I'll ask yours right now hold up
She said msmsamstpmmp.... guess means eat me? She's busy will call back she said?",IsrealPalestineWar_23,2023-10-16 12:29:33,172kfr9,PalpitationSame3984,2022-02-20 04:50:32,27592.0
k53uxa5,"Ah the good old deflection tactic, ""there are no innocent Isreali politicians "". 

Remember who supported HAMAS in the first place, as a counter to the PLO. 

Who was happy with the world's largest open air prison sitting across the road.",IsrealPalestineWar_23,2023-10-16 12:28:34,1791yof,Nonamanadus,2012-12-10 21:46:32,105966.0
k53upwr,"AI synopsis, hope this helps

After World War I, the British Empire gained control of the territory that is now Israel and Palestine through the League of Nations' mandate system. The area was known as the British Mandate for Palestine, and this mandate was established in 1920, following the dissolution of the Ottoman Empire.  
  
The British Mandate for Palestine was governed under the terms of the League of Nations' mandate system, which aimed to prepare territories for self-government while maintaining the peace and security of the region. The mandate for Palestine was unique in that it included a commitment to the establishment of a ""national home for the Jewish people"" in Palestine, as outlined in the Balfour Declaration of 1917.  
  
During the mandate period, tensions between the Jewish and Arab populations in Palestine grew. The Jewish population, which had been immigrating to the region for decades, increased significantly. Arab residents were concerned about the impact of Jewish immigration on their political and economic status. This tension led to conflicts and violence between the two communities.  
  
The British authorities struggled to manage the situation, and the Mandate period was marked by ongoing violence, uprisings, and tensions between Jewish and Arab communities. After World War II and the Holocaust, the pressure to create a Jewish state intensified, and the British Mandate for Palestine became increasingly untenable.  
  
In 1947, the United Nations approved a partition plan for Palestine, which recommended the division of the territory into separate Jewish and Arab states, with international administration of Jerusalem. The plan was accepted by Jewish leaders but rejected by Arab leaders. This eventually led to the 1948 Arab-Israeli War, resulting in the establishment of the State of Israel and the displacement of hundreds of thousands of Palestinian Arabs.  
  
The British Mandate for Palestine formally ended on May 14, 1948, when the State of Israel declared its independence. After that, Israel and its neighboring Arab states continued to be in conflict over issues related to borders, refugees, and the status of Jerusalem, which continues to this day. The Israeli-Palestinian conflict remains a significant issue in the region's geopolitics.",IsrealPalestineWar_23,2023-10-16 12:26:45,178o4b2,Resident_Fisherman22,2021-01-06 08:22:51,31.0
k53ucmt,"I, like you, do not condone any killing of civilians. The Palestinian citizens have a right to live as much as the Jewish people. Unfortunately it appears that Hamas will not hesitate to use them as human shields...",IsrealPalestineWar_23,2023-10-16 12:23:33,177asg0,HoBoTTM,2021-03-08 16:01:27,555.0
k53ryep,Time to watch hamas and Palestinian burn,IsrealPalestineWar_23,2023-10-16 12:01:46,178xhpr,Moist_Detective8839,2022-01-02 02:09:47,108.0
k53rx11,Collective defense is what it is. That’s should be clear by now.,IsrealPalestineWar_23,2023-10-16 12:01:25,1791yx2,HistStill2371,2022-02-26 06:40:04,6729.0
k53rc99,Western values are so worth holding onto. The irony is that it’s these values that will save many Palestinian lives in the coming months.,IsrealPalestineWar_23,2023-10-16 11:56:01,178xhpr,HistStill2371,2022-02-26 06:40:04,6729.0
k53lmck," I actually can believe how racist everyone is , no surprises here from the good oul rooting tooting oh here there’s a school that needs shooting America 🇺🇸",IsrealPalestineWar_23,2023-10-16 10:57:18,178xhpr,Last-Possible-7613,2021-08-21 10:35:43,94.0
k53k0yw,So we both agree that America is stupid?,IsrealPalestineWar_23,2023-10-16 10:38:53,178xhpr,Logic-Ninja,2023-09-04 10:10:57,7933.0
k53jluo,"i am still convinced that what ever hamas did aint relavent to what was done by isreal while occupying the Palestinian land the houses that were destroyed and people were placed in lands with no water and shit 
i dont care what hamas did not all i know that thier goal is revenge and thats what a human would do",IsrealPalestineWar_23,2023-10-16 10:33:55,177asg0,boi_from_2007,2020-10-03 09:29:55,32030.0
k53jcfc,it was said in the turah that jews shouldnt have thier country they arem ment to live between people i see why now,IsrealPalestineWar_23,2023-10-16 10:30:43,177asg0,boi_from_2007,2020-10-03 09:29:55,32030.0
k53j9tb,😨,CrazyFuckingVideos,2023-10-16 10:29:51,177ehw6,iLeg1999,2020-07-31 07:24:32,4934.0
k53ij1i,IDK. I don't think anyone is a demon bro,IsrealPalestineWar_23,2023-10-16 10:20:38,178gb3n,Themodsarehotgarbage,,23.0
k53i687,"Yea as it turns out every bordering country several times tried to remove the Jews from Israel.  Why we the USA have given them aid. Also its fun watching extremist muslims get their asses beat over and over.
 https://en.wikipedia.org/wiki/List_of_wars_involving_Israel",IsrealPalestineWar_23,2023-10-16 10:16:16,178xhpr,Mannylovesgaming,2023-08-16 10:40:46,1608.0
k53huyj,"Palestines lost all sympathy from me when they celebrated the attacks of the World Trade Center. It let me know what kind of people they are. It’s time to be irradiated from earth, clearly you do not belong in a civilized world.",IsrealPalestineWar_23,2023-10-16 10:12:17,178fe7r,Separate-Mind-7852,2020-07-12 21:50:50,204.0
k53gimt,RedBull really is the king of ads,AbruptChaos,2023-10-16 09:55:07,176dmwl,Snoo-72756,2020-07-17 23:39:57,46529.0
k53gb5x,He is explaining everything with translation,IsrealPalestineWar_23,2023-10-16 09:52:23,178fe7r,Sachi5,2022-06-15 20:36:02,38.0
k53ga6g,https://www.youtube.com/watch?v=xY2VU6tZ-_k,IsrealPalestineWar_23,2023-10-16 09:52:02,178fe7r,Sachi5,2022-06-15 20:36:02,38.0
k53g95r,Hello i am here with the video,IsrealPalestineWar_23,2023-10-16 09:51:39,178fe7r,Sachi5,2022-06-15 20:36:02,38.0
k53cbpv,"It disgusts me that people living far away from Palastine and or Isreal have nothing better to do than run their mouths on a topic they have little knowledge about.

I can't claim to know enough about the situation in order to pick a side but atleast I am honest about it.

Seeing people glorifying the killing of innocent civilians on both sides is just outright heinous and despicable.

This global sensationalism of war and suffering is outright disgusting.

Whether you support one side or the other none of you aren't going to do anything about it.

So sit tight and let them figure it out.

Treat any current information coming from a Warzone as unreliable would be a reasonable and logical way to go about it.

Be glad that you and your loved ones are safe, I hope they are.",IsrealPalestineWar_23,2023-10-16 08:58:13,178311r,CulturalCry9511,2022-10-26 08:40:00,2175.0
k53bd8m,"The U.S. has been giving financial aid, weapons, and ammo to Israel since WW2.",IsrealPalestineWar_23,2023-10-16 08:44:59,178xhpr,BobbyRV,2015-10-12 19:18:55,1032.0
k53ay7a,I hope Israel smashes the living shit out of Hamas.,IsrealPalestineWar_23,2023-10-16 08:39:12,178fe7r,fukboyhaircut,2023-08-29 11:11:27,312.0
k53asr0,Better then having Trump LARP being a tough guy while trading Iran classified documents on the side.,IsrealPalestineWar_23,2023-10-16 08:37:06,178xhpr,No_Tie_556,2021-05-21 02:44:26,3529.0
k539q6d,"Quick, get Joe to send some more money",IsrealPalestineWar_23,2023-10-16 08:22:10,178xhpr,Logic-Ninja,2023-09-04 10:10:57,7933.0
k537i1d,"Reality?
So why western media and ignorant people  
Palestinians terrorist FOR DEFENDING THEMSELVES yet when the oppressor is doing it EVERY DAY FOR 75 YEARS not a breath is heard??

They arrest citizens, kill civilians, and evict me from my home. They imprison me within my own country. I cannot travel from city to city in my own country. They cut off water, gas, and electricity. They suppress riots with internationally prohibited bombs. They kill children simply because they are Palestinians, and there are hundreds of videos documenting this.

75 years of killing of innocent civilians in Palestine, playing the victim in a situation they created, portraying false killings on the media for the sympathy of Zionist supporters.",IsrealPalestineWar_23,2023-10-16 07:51:10,178gb3n,fruitybsbs,2022-04-18 23:25:12,29.0
k534gi7,Stop them how? By attacking them?,IsrealPalestineWar_23,2023-10-16 07:09:41,178l8f3,kitatatsumi,2010-11-22 07:13:44,53804.0
k533tt2,Thanks for telling me.,IsrealPalestineWar_23,2023-10-16 07:01:25,178frj2,luckygrape64,2023-07-14 05:53:35,5708.0
k533k37,A *peaceful people*,IsrealPalestineWar_23,2023-10-16 06:57:53,178xhpr,[deleted],,0.0
k533306,"Worryingly, lots of countries of the Middle East even the world maybe get unpublic profit from this war and will not let the war end quickly this time.",IsrealPalestineWar_23,2023-10-16 06:51:40,178frj2,luckygrape64,2023-07-14 05:53:35,5708.0
k531c4l,"Thats what I am trying to figure out, is their another way to end the cycle of hate.. 

Hell just air drop a shit ton of money on Palestine, people that have nothing to lose will fight.. those with a shit ton of money will not want to lose it or their lives.. lets face it apart from those that manipulate power to control others, most parents any where in the world simply want their kids to have a better life than they did.",IsrealPalestineWar_23,2023-10-16 06:29:16,178l8f3,Winter_Criticism_236,2022-02-13 02:21:58,20312.0
k52zro8,"Right, but if no one listens and no one try to change the centuries of hate in that region specifically. What’s that saying “if you want peace you must prepare for war” that’s because no matter what you nor anyone else can change the past. The seeds of hate were planted long before anyone on this planet existed. Why?

I’m a not trying to argue by the way. We both agree on the fact that hate breeds hate. Where we part is on how to fix this specific situation.",IsrealPalestineWar_23,2023-10-16 06:09:45,178l8f3,AnimalL33t,2022-08-29 02:45:20,8473.0
k52zjay,"Having been to war you most likely realize the futility of it and that it solves nothing in the long run. You can win a battle but changing millions of peoples minds it cannot do, only more hate will be spawned.",IsrealPalestineWar_23,2023-10-16 06:07:01,178l8f3,Winter_Criticism_236,2022-02-13 02:21:58,20312.0
k52z5r0,Telegram,IsrealPalestineWar_23,2023-10-16 06:02:35,178szd0,TheArmedGamer320,2023-08-20 06:12:03,6924.0
k52z3i6,"If you think a war, as both Israel and Hamas have both called this, that it’s ever “ok” for innocent people to die then that’s fucked up but I’ve been in armed conflict with groups like Hamas. There is no negotiation no peace they are terrorist. They terrorize both Israelis and Palestinians. But the Palestinians have chosen Hamas as its face and unless Palestinians want to turn in or take out every Hamas member then these things happen. By defacto Palestinians are killing themselves.",IsrealPalestineWar_23,2023-10-16 06:01:49,178l8f3,AnimalL33t,2022-08-29 02:45:20,8473.0
k52ywfa,Sounds like puke starts with an N.,IsrealPalestineWar_23,2023-10-16 05:59:27,178frj2,EatAssFromBack,2023-10-13 02:19:21,17911.0
k52yl1c,They have already killed far more than Hamas did.. when is the score card of death even..1 million?,IsrealPalestineWar_23,2023-10-16 05:55:38,178l8f3,Winter_Criticism_236,2022-02-13 02:21:58,20312.0
k52ye23,"dropping more bombs than the USA did in last 10 years in many conflicts is pure revenge. wiping out Hamas and many non military people will not work.. Palestine is to big, to many people, you cannot find them all, you will only create more hate, thats what war does. 

Giving into to terrorism  is also not what Israel should do, but I am pretty sure what they are about to do may be worst long term act and history will judge them.

Other solutions are possible..",IsrealPalestineWar_23,2023-10-16 05:53:20,178l8f3,Winter_Criticism_236,2022-02-13 02:21:58,20312.0
k52y8uq,"So you are Xi’s 50 cents army here . How do you know the warning is fake ?   CCP is a gangster group , they could though anyone into jail if they want . So do you know anyone’s meaning?  CCP penetrated in US law system for long time .  Xi is evil boss of this war .  Target is crash US dollar.  Xi provide a lot of weapons to terrorist group.  So keep your working . Xi’s 50 cents army",IsrealPalestineWar_23,2023-10-16 05:51:38,177sv52,Wenlong64,2023-02-15 17:12:06,680.0
k52xlm0,"I understand the emotions, I do, however this revenge war will be the end of Israel's years of ""relative"" peace. If Israel is perceived by other nations to have gone to far in its war on ""terror"" or religious belief, Israel will no longer have international compassion for its past hardships..support is what you need don't squander it.",IsrealPalestineWar_23,2023-10-16 05:44:09,178l8f3,Winter_Criticism_236,2022-02-13 02:21:58,20312.0
k52vw2z,Never there land,IsrealPalestineWar_23,2023-10-16 05:24:30,178xhpr,Basic_Preparation662,2023-10-13 05:45:53,1769.0
k52uiry,you do realize before that the land was controlled by the British? just saying...,IsrealPalestineWar_23,2023-10-16 05:09:27,178xhpr,Resident_Fisherman22,2021-01-06 08:22:51,31.0
k52tw4f,"Lots of this shit are old and fake. The pro Palestinian people trying to hard were not against Palestinian people. Well, not the good ones were against hamas scum bags that's it so stop with the trash videos ain't going to help you.",IsrealPalestineWar_23,2023-10-16 05:02:43,178jw6c,Basic_Preparation662,2023-10-13 05:45:53,1769.0
k52qjtp,"I'm saying, don't go around asking people who's demise you'd celebrate to have any sympathy for your suffering what-so-ever.

Bomb that shit to ground and let nature reclaim it.",IsrealPalestineWar_23,2023-10-16 04:28:15,178xhpr,No_Tie_556,2021-05-21 02:44:26,3529.0
k52qeqj,And? America was part of the UN that gave the Jews the Palestinian land. Are you dumb?,IsrealPalestineWar_23,2023-10-16 04:26:49,178xhpr,elbowgrease86,2023-10-15 23:27:05,1.0
k52p3q7,Don't fall for their crocodile tears.,IsrealPalestineWar_23,2023-10-16 04:13:58,178xhpr,No_Tie_556,2021-05-21 02:44:26,3529.0
k52ounl,"No I'm just pointing out that Isreal bombing hospitals, news stations, etc isn't exactly a good thing either. They're both committing war crimes. There are no good guys here.

Edit: a reminder that 50% of the Gaza Strip is Children.",IsrealPalestineWar_23,2023-10-16 04:11:30,178311r,AwarenessThick1685,2022-12-17 02:46:14,21436.0
k52olhx,"This is the answer.. it’s a “look over here” so you don’t look in the other direction, action point. 💯",IsrealPalestineWar_23,2023-10-16 04:09:04,1787y11,Cdaddy28,2021-02-07 08:01:31,15502.0
k52o9tc,"I understand your argument. There is a line, not that it justifies it. It doesn’t really matter shooting unarmed people on the ground in cold blood is wrong.",IsrealPalestineWar_23,2023-10-16 04:06:00,178jw6c,Gerkenator,2018-11-06 14:43:41,378.0
k52nkto,"[map 1947 vs present, how Israel forcefully occupied the land.](https://reddit.com/r/MapPorn/s/VtYYf75qMO)",IsrealPalestineWar_23,2023-10-16 03:59:36,178jw6c,l_Anonymous__l,2021-02-04 16:54:02,32419.0
k52ni5q,[Map 1947 vs present](https://reddit.com/r/MapPorn/s/VtYYf75qMO),IsrealPalestineWar_23,2023-10-16 03:58:56,178jw6c,l_Anonymous__l,2021-02-04 16:54:02,32419.0
k52mznl,Firstly it isn’t beyond so called security wall. Secondly the whole Israel is actually Palestinian land.,IsrealPalestineWar_23,2023-10-16 03:54:20,178jw6c,l_Anonymous__l,2021-02-04 16:54:02,32419.0
k52mrbr,That’s actually not true the video you posted showed where they were at. North side of the Armistice line.,IsrealPalestineWar_23,2023-10-16 03:52:18,178jw6c,Gerkenator,2018-11-06 14:43:41,378.0
k52m3bt,Yes 100%...also prevent hezbollah from attacking from Lebanon. America won't get invloved unless Isreal is threatened by other Muslim countries.,IsrealPalestineWar_23,2023-10-16 03:46:34,178l8f3,Cheesecake0428,2023-09-08 03:06:05,2609.0
k52lz60,"Its Palestinian land, there’s no wall.",IsrealPalestineWar_23,2023-10-16 03:45:35,178jw6c,l_Anonymous__l,2021-02-04 16:54:02,32419.0
k52lw1x,"Firstly were did you get the information of weapons. Outside of security WALL. It’s land of Palestinian’s its there choice to walk, run or whatever they want.",IsrealPalestineWar_23,2023-10-16 03:44:51,178jw6c,l_Anonymous__l,2021-02-04 16:54:02,32419.0
k52gsi9,Yes you are a hateful person,IsrealPalestineWar_23,2023-10-16 03:03:12,178gb3n,Electrical_Ratio_836,2021-01-28 20:51:16,75.0
k52g5b4,"So, Israel isn’t going eye for an eye. It’s not about revenge. It’s about Hamas will never be able to do this again. 

What good is an eye for an eye if it happens every two years? Enough is enough.",IsrealPalestineWar_23,2023-10-16 02:58:07,178l8f3,renebeans,2021-06-27 04:23:34,5531.0
k52erxf,Well they’re humans not animals. And I don’t expect humans to attack unbeknownst. Killing innocent people specifically targeting elementary schools. Sounds like you already made up your mind on what side you support. And IMO you’ve chosen the wrong side. Obviously both sides have done wrong things but when attacked you have to go to war and war isn’t pretty.,IsrealPalestineWar_23,2023-10-16 02:47:29,178311r,Able_Bodybuilder_355,2021-01-07 04:19:18,1.0
k52eja2,"If the British Empire and Zionists hadn’t invaded and murdered the existing population in 1948 then this wouldn’t be going on. Immediately they made checkpoints and did Nazi paper please bs. This was the original sin. The population left were place behind the armistice walls and a nation was divided. Hamas only exists because Mossad started the organization to destabilize the surrounding nations. They made this Golem. They’ve literally sown this and reaped its reward sow, reap, repeat. It’s continued to escalate for 75 years. Israel and the Brits caused this. Then everyone makes excuses for them. Israel is a cat playing with their prey for 75 years. Don’t even have the decency to kill it or let it go.",IsrealPalestineWar_23,2023-10-16 02:45:39,178jw6c,Gerkenator,2018-11-06 14:43:41,378.0
k52cwvp,JDAM,IsrealPalestineWar_23,2023-10-16 02:33:24,178frj2,cashredd,2020-05-30 03:03:18,3733.0
k52c38i,"Usually that’s what we do but y’all let yourselves get outta hand and now big daddy America needs to take a hot red white and blue dump on anyone threatening our security or the security of our close allies. 

After kicking in enough doors and almost dying due to someone’s delusions of grandeur and religious beliefs. The more I had to deal with the allah akbar crap the less I cared for any religion. I didn’t go to Iraq and push Catholicism on someone so your religion doesn’t need to be the worlds #1 shit bags. 🇺🇸❤️🇮🇱",IsrealPalestineWar_23,2023-10-16 02:27:07,178l8f3,AnimalL33t,2022-08-29 02:45:20,8473.0
k52bi4q,"Yo, OP is some palatine propaganda dude. THANKS FOR YOUR SERVICE. 1st cav 4-5ada proud combat vet here.",IsrealPalestineWar_23,2023-10-16 02:22:43,178l8f3,AnimalL33t,2022-08-29 02:45:20,8473.0
k52bavl,I’ve been to war in the Middle East to have lost any recognition of a terrorist being close to human. They are just moving meat on the street.,IsrealPalestineWar_23,2023-10-16 02:21:15,178l8f3,AnimalL33t,2022-08-29 02:45:20,8473.0
k52b5i5,"America is there to stop Iran from getting involved, it’s the point of them trying to deter other foreign entities from involving themselves in the war. They have a right to get involved as 30 Americans are dead.",IsrealPalestineWar_23,2023-10-16 02:20:09,178l8f3,Papadv,2020-10-26 22:22:22,10117.0
k52an78,"And yeah sorry but that’s how war works. This is revenge and maybe for the last time. 

You can’t say “I know we really fucked up killing innocents but look you don’t have to come for us just let it go” nah get fucked.",IsrealPalestineWar_23,2023-10-16 02:16:20,178l8f3,AnimalL33t,2022-08-29 02:45:20,8473.0
k52a9ey,"Here’s the deal. If you want the USA in a direct combat role AGAIN in the ME it’s not going to happen the same way. The 2000s shock and awe from the Bush presidency does not exist. This is parking lot time. You do not want to play fuck around and find out anymore. There will not be an “anymore” if that happens.

You think that those carriers are a threat, that’s nothing. It’s what can come from them you should worry about. I’m all for peace but I’m all for killin’ terrorist. I promise my Jewish ancestry is coming through right now but my American heart is all for finally ending this.",IsrealPalestineWar_23,2023-10-16 02:13:29,178l8f3,AnimalL33t,2022-08-29 02:45:20,8473.0
k5297tz,It was also oddly suspicious that right out of the gate the media started grooming us to blame Iran despite there being no evidence for this.,IsrealPalestineWar_23,2023-10-16 02:05:58,178jw6c,Gerkenator,2018-11-06 14:43:41,378.0
k5284pq,"Isreal is constantly threatening Palestinians for sure. It goes both ways my dude. Acting like Isreal hasn't done anything to prompt an attack is hilarious. Palestinians retaliating was an inevitability. I'm not saying what they're doing is justified, but I mean they've been forced to live in an open air prison. Everything they need to live is controlled by Israel, and they can't leave freely.

Edit: When you treat a group of people like animals what do you expect?",IsrealPalestineWar_23,2023-10-16 01:58:20,178311r,AwarenessThick1685,2022-12-17 02:46:14,21436.0
k527xve,"No theyb ont they intend to kill hamas the fact of the matter is, is that if hamas didn't make war with Isreal there would be no more. Hamas doesn't care about their own civilians that's why they use them as meat shields",IsrealPalestineWar_23,2023-10-16 01:56:58,178jw6c,Gullible_Sea_8319,2022-05-03 22:23:34,12426.0
k527u6l,"Or Hamas blasted the wall and was killing people so they retreated outside the wall to get away. Then were found and murdered and had weapons planted in the photo. Either way the weapons were found after they were killed.

Sound plausible?",IsrealPalestineWar_23,2023-10-16 01:56:14,178jw6c,Gerkenator,2018-11-06 14:43:41,378.0
k527q5l,Yep. Get Iran and the US involved at the expense of a few 100k of its own .,IsrealPalestineWar_23,2023-10-16 01:55:24,1787y11,cashredd,2020-05-30 03:03:18,3733.0
k527kmy,Bro he’s probably a terrorist have u seen the child training camps? There is videos they dress like that holding guns talking about killing everyone crazy little 9 year olds,IsrealPalestineWar_23,2023-10-16 01:54:19,178fe7r,Select-Load-6488,2023-10-10 22:28:34,56.0
k527gt4,"The ones who dont go into homes and cut off their heads. Obviously... Hamas has been threatening to kill jews for yesrs. So, they got their wish. Slaughtered jews. 
Yes. Israel can be heavy-handed, but if your neighbor constantly threatens to kill you. Throws rockets at you. 
How would you respond when they slaughter your own?",IsrealPalestineWar_23,2023-10-16 01:53:34,178311r,cashredd,2020-05-30 03:03:18,3733.0
k5271ob,Looks like a desperate propaganda attempt to scare Israeli from entering 🤷🏻‍♂️ sorry man they are coming for u guys with jets tanks rockets boats guns yup…,IsrealPalestineWar_23,2023-10-16 01:50:37,178frj2,Select-Load-6488,2023-10-10 22:28:34,56.0
k526g18,"Hammer is going to fall. Should take care when voting. This is what you get. Since Hamas took power, they have repeatedly tested the world. Time for them to be flushed out wherever they hide. For them to run and among the children is so beyond anything human .",IsrealPalestineWar_23,2023-10-16 01:46:21,178311r,cashredd,2020-05-30 03:03:18,3733.0
k525dst,Who cares what Lady Lindsay has to say. Damn ass two faced traitor.,IsrealPalestineWar_23,2023-10-16 01:38:42,178b222,cashredd,2020-05-30 03:03:18,3733.0
k523nt1,"Dropping your guns behind a tree or rock and pretending you’re just 4 guys from Gaza just out for a walk outside the boundary’s of security wall where they re not supposed to be, and coincidentally right at the exact same time there’s a large scale terror operation happening all around you 

Sounds plausible?

The idf found the guns btw",IsrealPalestineWar_23,2023-10-16 01:26:09,178jw6c,Extension_Job_4514,2020-11-22 16:30:09,2077.0
k523jga,"Thank you. I want you to know there is bots around here, there is also funding for people to comment on the internet, intelligence, and media control. They will do whatever it takes to make Palestinians look bad. 

In recent events, Israel just issued evacuation orders to a HOSPITAL because they plan to bomb it. They are attempting to kill as many civilians as possible using the “Hamas” excuse. Also, 50% of the population is children. I am not sure what those defending Israel are really arguing about.",IsrealPalestineWar_23,2023-10-16 01:25:17,178lbsa,dev-engineer,2023-10-06 03:33:03,-23.0
k5232ii,There all underground they don’t give a fuck about the people up top,IsrealPalestineWar_23,2023-10-16 01:21:53,1787y11,JACKMAN_97,2023-05-29 14:34:43,20381.0
k52282j,Super helpful lmao,IsrealPalestineWar_23,2023-10-16 01:15:44,178lbsa,BigpeenieGirl,2022-09-21 05:33:52,64.0
k52267n,"Thank you for your comment, it’s people like you who’ll make the world worth living in",IsrealPalestineWar_23,2023-10-16 01:15:22,178lbsa,BigpeenieGirl,2022-09-21 05:33:52,64.0
k522398,Go watch aljazeera pretty good updates there,IsrealPalestineWar_23,2023-10-16 01:14:46,178szd0,MasseSarge,2023-06-13 09:05:12,282.0
k521e3w,"When you do something you acknowledge the consequences. To continue to do despite the consequences is intent.

So the consequences of bombing is collateral damage, they intend to kill civilians period.",IsrealPalestineWar_23,2023-10-16 01:09:37,178jw6c,Gerkenator,2018-11-06 14:43:41,378.0
k5213on,"well the world is a better place to live in now compared to any other time in history.

That is because we continue to search for ways to save lives, improve lives and share knowledge.

My hope is we could use American military strength, or the threat of it, to save lives not allow more death. I doubt this can be contained to Israel getting revenge in Palestine,  far more likely the rest of the Middle East will pick sides.",IsrealPalestineWar_23,2023-10-16 01:07:29,178l8f3,Winter_Criticism_236,2022-02-13 02:21:58,20312.0
k51ym1y,The difference is intent. Isreal bombs Hamas and civilinad die as result of collateral damage(and Hmas cowards have a history of using civilians as meat shields). W here as hamas targets civilians. You can call me stupid all you want but I can figure that out. Hamas is a death cult that needs to be exterminated.,IsrealPalestineWar_23,2023-10-16 00:49:37,178jw6c,Gullible_Sea_8319,2022-05-03 22:23:34,12426.0
k51x54z,Just stop.,IsrealPalestineWar_23,2023-10-16 00:39:03,178fe7r,Sooo_Dark,2019-06-01 06:34:43,17616.0
k51wam5,Trump’s social media is a great place to begin. Then Fox News.,IsrealPalestineWar_23,2023-10-16 00:33:00,178szd0,NotAnExpert1942,2019-03-18 03:06:45,70.0
k51vtrf,"I'm using Wikipedia as a source so it might not be 100% accurate. But if you go on the article [https://en.wikipedia.org/wiki/History\_of\_Palestine](https://en.wikipedia.org/wiki/History_of_Palestine). And you go to the oldest section on the right ""Prehistory"". The first culture that preceded Palestine is the Natufian culture. Then before them was the Kebaran culture. Armian preceded next. Aterian preceded next. Mousterian preceded next. Achulean preceded next. The Oldowan preceded next. Supposedly the earliest group going by this route through the lineage of cultures is the Lomekwi 3.3 million years ago.",IsrealPalestineWar_23,2023-10-16 00:29:38,178o4b2,salomander19,2018-03-31 02:06:50,1684.0
k51uycw,"Unfortunately it’s not at all flippant. Have you read the Hamas constitution? 

Arguably brought upon themselves. Look into all the peace agreements Israel accepted that were rejected by Palestine (against their own best interest) in favor of wars they lost… I don’t think it’s realistic for any nation to reject the peace offered, go to war, lose, then say “just kidding we’re good with the peace agreement after all” 

Lives are worth too much to be forced into war all for what would amount to nothing, although Israel has been known to win and return land anyway (Sinai, Gaza). Ridiculous really. Boundaries change as a result of war, that’s the way it is all over the world. Just look at Eastern Europe. What happened that they rejected the two state solution?",IsrealPalestineWar_23,2023-10-16 00:23:20,178lbsa,renebeans,2021-06-27 04:23:34,5531.0
k51uvnj,"Actually no.  A combat veteran who has seen too many times how brutal humans can be.  I wish things were different but they won't be.  Isreal and Palestine will never find peace so let them get it over with.  As a kid in the 80's  I remember the Middle East in flames all the time.  My country has a large Christian Palestine population, I've done volunteer work there 3 times in the past 12 years.  I wish it were different, I can't say it enough, but those of us on the outside don't live the reality of the Isreali and Hamas injustices that Palestinos face daily.",IsrealPalestineWar_23,2023-10-16 00:22:48,178l8f3,Sure-Fee1400,2022-04-03 00:59:47,8960.0
k51ug0s,"Nope, not religious at all.",IsrealPalestineWar_23,2023-10-16 00:19:43,178l8f3,dropdfun,2013-07-10 23:55:43,46.0
k51sxyc,"Thats exactly what I am suggesting, just include Israel as they have already had enough revenge in last few days..",IsrealPalestineWar_23,2023-10-16 00:08:56,178l8f3,Winter_Criticism_236,2022-02-13 02:21:58,20312.0
